;Coord 1;Coord 2;Coord 3;Coord 4;Coord 5;Coord 6;Coord 7;Coord 8;Coord 9;Coord 10;Coord 11;Coord 12;Coord 13;Coord 14;Coord 15;Coord 16;Coord 17;Coord 18;Coord 19;Coord 20;Coord 21;Coord 22;Coord 23;Coord 24;Coord 25;Coord 26;Coord 27;Coord 28;Coord 29;Coord 30;Coord 31;Coord 32;Coord 33;Coord 34;Coord 35;Coord 36;Coord 37;Coord 38;Coord 39;Coord 40;Coord 41;Coord 42;Coord 43;Coord 44;Coord 45;Coord 46;Coord 47;Coord 48;Coord 49;Coord 50;Coord 51;Coord 52;Coord 53;Coord 54;Coord 55;Coord 56;Coord 57
Cop_pro_D16_1_1;-0.0094793;-0.1105;-0.02713;0.12414;-0.049842;-0.070353;0.2267;0.071877;0.19906;0.16579;0.27211;-0.15432;0.12963;0.0091203;0.27719;-0.0009582;0.049806;-0.069954;0.070724;0.093073;0.16265;0.012279;0.10725;0.22024;-0.019282;0.11638;-0.041914;0.052154;-0.09578;0.12078;0.11224;-0.036173;0.15296;0.13745;0.035695;0.038899;-0.09538;0.081928;-0.0080618;-0.016014;0.064194;0.097026;-0.041447;0.01486;-0.050946;-0.045352;0.011823;-0.036856;0.099746;-0.021516;-0.022754;-0.033736;0.0030119;-0.029847;0.049874;0.036084;0.10911
Cop_pro_D16_2_3;-0.0043032;-0.098917;0.011789;0.090843;-0.24819;-0.19996;0.049709;0.051802;-0.18212;0.09338;-0.10467;-0.009107;-0.038062;-0.25919;0.093015;-0.014996;0.077932;-0.034463;-0.028943;-0.051344;0.15157;0.14873;-0.086574;-0.080303;-0.083538;-0.0034216;-0.0016493;-0.017427;0.059599;-0.011948;0.022667;0.0032878;0.098063;0.078474;0.035472;0.064044;0.14533;-0.17475;0.29715;-0.047082;-0.072403;0.034605;0.0039923;-0.050945;0.049976;0.087822;0.089219;-0.094862;0.082676;0.11839;-0.19091;0.15277;-0.054367;-0.12457;0.10786;0.042397;0.10911
Cop_pro_D16_3_2;0.01518;-0.13075;0.012775;0.082881;-0.21967;-0.1854;0.0025904;0.049279;-0.15064;-0.0056147;-0.10095;0.085386;-0.17463;-0.24576;-0.031455;-0.05273;-0.17188;-0.11693;0.046059;0.028462;-0.16382;-0.03564;-0.029183;0.16511;-0.013965;0.078893;0.0035898;0.022391;-0.084034;-0.04472;0.063581;-0.12775;-0.31069;0.17314;-0.032416;0.075651;0.086491;-0.11517;-0.22078;-0.015209;0.10039;0.06129;0.0034996;0.10184;-0.063642;0.014732;0.022628;-0.086414;0.10478;-0.032776;-0.020636;-0.10415;0.0024504;-0.041443;-0.020376;-0.033872;0.10911
Cop_pro_D16_3_3;0.0072491;-0.096134;0.044303;0.071389;-0.28171;-0.18326;0.0030912;0.048695;-0.20676;0.076138;-0.078304;0.046426;-0.10054;-0.18997;0.076842;0.0032535;-0.08433;-0.049299;0.11927;-0.062638;-0.25193;0.0012022;0.17982;-0.16828;-0.032417;0.02392;-0.10827;-0.047778;0.04918;0.12571;-0.14242;0.0661;0.3047;-0.12199;-0.073606;-0.10888;-0.057704;0.23004;-0.12419;0.079262;-0.14616;0.046443;-0.051721;-0.14179;-0.019874;-0.074983;-0.064933;0.16033;-0.1695;-0.062705;0.15794;-0.0079572;0.018885;0.08047;-0.009887;-0.027721;0.10911
Cop_pro_D16_4_1;-0.0044155;-0.076551;0.058146;0.056491;-0.34197;-0.081284;0.10139;-0.015615;0.0055043;0.066095;0.16204;-0.015204;0.0028169;0.059607;-0.026062;0.085763;0.088696;0.11779;-0.023418;-0.085683;0.035714;-0.073128;-0.08238;0.079383;0.071388;0.10478;0.070644;-0.0095556;0.053058;0.010383;-0.0023524;0.19745;-0.1625;-0.063853;0.091253;0.046214;0.31082;-0.07051;-0.24312;0.078726;-0.12028;-0.031784;-0.15157;-0.088504;-0.057755;-0.096664;0.084913;-0.015988;-0.014357;-0.024679;0.1292;-0.031401;-0.038419;0.047458;-0.18609;-0.10817;0.10911
Cop_pro_D16_4_2;0.010356;-0.094804;0.077409;0.057681;-0.33775;-0.088293;0.0641;0.0073017;0.024487;0.048311;0.21841;0.011222;-0.029585;0.15732;-0.086942;-0.047092;0.033882;-0.031401;0.00025988;-0.0064236;0.10012;0.0062422;0.023317;-0.033056;0.098826;-0.066766;0.13061;0.0040984;0.012698;0.048513;-0.04543;-0.1719;-0.075442;0.049881;-0.0069866;-0.019545;-0.22318;-0.001025;0.13434;0.051804;0.15476;-0.094833;0.050999;0.1509;0.026237;0.31287;-0.011361;0.082458;-0.2431;0.079371;0.045571;-0.16877;0.065456;0.16151;0.14279;0.20656;0.10911
Cop_pro_D16_4_3;0.0089432;-0.10741;0.058265;0.05115;-0.31942;-0.087683;0.030566;-0.0041451;0.03893;-0.012575;0.217;0.028764;-0.04478;0.15238;-0.16193;-0.023343;-0.012843;-0.042643;-0.078236;0.0087627;0.0025343;-0.036896;-0.097757;-0.011707;0.00094992;-0.085778;0.026973;0.0024475;-0.012969;-0.1509;0.082778;-0.080915;-0.014098;-0.1492;-0.064638;-0.060669;-0.15174;0.11841;0.084886;-0.17635;-0.033067;-0.012152;0.16161;0.037647;0.096534;-0.21374;-0.058073;-0.074035;0.18681;-0.027203;-0.12046;0.16977;0.0092802;-0.14186;-0.063236;-0.098586;0.10911
Cop_ctr_D16_1_1;0.060773;-0.13086;0.21123;0.039218;0.050947;0.0093995;-0.030364;-0.11721;0.013972;-0.0056346;-0.012398;-0.020537;0.070356;0.063443;0.043873;-0.010338;0.098653;0.2507;0.012375;-0.10504;0.21481;-0.074808;-0.080581;-0.075534;0.23434;-0.085532;-0.055679;-0.13637;0.25822;0.15627;0.051707;0.055869;0.18369;0.024198;0.047917;0.058356;0.11523;0.037464;-0.093533;0.044314;0.050341;0.012915;-0.073304;0.067533;-0.07984;-0.071273;0.017952;-0.10802;0.13771;-0.043055;0.068118;-0.15392;-0.045123;-0.099461;-0.040761;0.17134;0.10911
Cop_ctr_D16_1_2;0.060625;-0.099294;0.22304;0.026138;0.032396;0.046591;-0.030639;-0.038646;0.10757;0.034484;0.084486;0.0025585;0.061137;0.3227;-0.17497;-0.23232;-0.028382;-0.098106;-0.057548;0.25729;-0.1057;0.40146;-0.10634;-0.26364;-0.043464;0.20761;-0.19573;-0.017976;0.0093251;0.13908;-0.034095;0.14005;-0.039256;0.081954;-0.1609;-0.038837;0.1539;-0.094879;-0.034469;-0.020064;-0.01917;0.01808;0.022133;-0.061692;-0.032425;0.09102;-0.010262;0.00028758;-0.12536;-0.024275;-0.033012;0.027123;-0.043159;0.0091707;0.027897;-0.13859;0.10911
Cop_ctr_D16_1_3;0.074439;-0.13378;0.22399;0.034723;0.036963;0.026465;-0.085931;-0.13038;0.048447;-0.065612;0.0044574;0.059481;-0.025223;0.18713;-0.084281;-0.011997;-0.12996;0.10523;0.14038;0.066502;-0.082233;-0.058712;0.048801;-0.073107;-0.0066645;-0.26702;0.12603;0.06624;-0.046398;0.13041;0.15838;-0.058818;-0.006994;0.015682;0.036584;0.025784;-0.015191;-0.069549;0.1205;-0.0084859;-0.07894;0.041348;-0.16008;0.0078542;0.075173;-0.089289;0.021559;-0.051634;-0.0059647;0.048794;-0.047661;0.030697;0.055494;0.0019005;0.067237;-0.0098784;0.10911
Cop_ctr_D16_2_1;0.071221;-0.15125;0.19355;0.034643;0.12007;-0.032389;-0.013963;-0.088956;-0.046371;-0.032615;-0.085999;0.011426;-0.015915;-0.05655;0.067891;0.037215;0.0086294;0.096612;0.012617;-0.073002;0.10987;-0.043065;-0.088599;0.15393;0.01959;0.00073895;-0.069481;-0.048368;0.04139;-0.12839;0.023939;-0.10147;0.026258;0.079887;-0.15832;-0.091797;-0.02701;0.087533;-0.0061661;0.096115;0.039446;0.0089208;-0.088361;0.034567;0.010359;0.0088691;-0.13628;0.1794;-0.02811;-0.13105;-0.10661;0.32191;0.013796;0.19066;0.029377;-0.16361;0.10911
Cop_ctr_D16_2_2;0.052829;-0.18035;0.070658;0.038593;0.11681;-0.02286;0.02471;-0.027586;0.08959;-0.0409;0.0075642;0.066903;-0.081556;-0.0059439;-0.23787;-0.18256;-0.29211;-0.31692;-0.1011;0.15843;0.025926;-0.073337;0.061134;0.088119;-0.030878;0.18309;0.014972;-0.0078533;0.0098025;0.079311;0.033745;-0.014908;-0.028215;-0.016;0.097239;-0.056914;-0.053497;0.246;0.028474;0.098789;0.04409;-0.090712;-0.014833;-0.034444;-0.024636;-0.094142;0.062801;0.021176;0.20555;0.042556;0.035054;-0.045652;0.028625;-0.045602;0.026352;0.075403;0.10911
Cop_ctr_D16_3_1;0.092751;-0.10959;0.26952;0.0013744;0.037414;-0.002588;-0.00025189;0.036364;0.013152;0.084677;0.049641;-0.042883;0.056215;0.14538;0.14055;0.046191;0.18883;-0.0056544;-0.0065827;-0.14411;0.28171;0.129;0.0019173;0.16151;-0.095108;-0.14167;0.038422;0.12634;-0.23434;-0.26362;-0.10897;0.028011;-0.15389;-0.18612;-0.04583;-0.080246;-0.056932;0.031958;-0.065505;-0.045003;-0.12978;-0.010312;0.0080435;0.017405;0.018475;-0.028159;0.0094735;0.089824;-0.026956;0.012779;0.12056;-0.025557;0.0066798;0.0095683;-0.070279;-0.036626;0.10911
Cop_ctr_D16_3_2;0.11648;-0.080498;0.29647;-0.020204;0.17952;0.037258;-0.011111;-0.014262;-0.062462;-0.099866;0.0074892;-0.065038;0.048663;-0.233;0.041716;0.19273;0.072956;0.08785;-0.0057012;-0.09957;-0.2455;0.061512;-0.097812;-0.099015;0.043199;0.1197;0.16196;0.041598;-0.0518;0.15454;0.011563;-0.04997;-0.082633;-0.008404;-0.032397;0.010509;-0.018124;0.10024;-0.027266;-0.20085;0.11447;0.089196;-0.061386;0.23282;0.035839;-0.10968;0.01516;-0.046506;0.15138;0.12796;0.040257;-0.3083;0.14599;-0.018436;0.074227;-0.0045417;0.10911
Cop_ctr_D16_3_3;0.11305;-0.092876;0.30036;-0.013402;0.14575;0.041488;-0.0040325;-0.026115;-0.038951;-0.044302;0.020722;-0.02226;0.018129;-0.11383;0.055211;0.12925;0.039258;0.027087;-0.027616;-0.11529;-0.12711;-0.055351;-0.034034;-0.012231;0.012937;0.13031;0.16037;0.011488;-0.0018749;0.16605;-0.12928;-0.056127;-0.1045;0.1514;0.076355;-0.06701;-0.16849;0.049389;0.022413;0.29969;-0.02452;-0.18875;0.18764;-0.21107;-0.031085;0.075889;0.0094602;0.013998;0.014852;-0.084779;-0.11629;0.30282;-0.14951;-0.072812;-0.01213;0.09774;0.10911
Cop_ctr_D16_4_1;0.1082;0.00090625;0.10674;-0.098395;-0.025436;0.053402;0.092871;0.88383;0.11936;-0.17599;-0.21462;0.070585;-0.021967;0.12494;-0.014233;-0.035202;-0.051232;0.074445;0.011184;0.0087571;0.013371;-0.090571;-0.045674;0.0017778;0.060182;-0.051901;0.020956;-0.024313;0.051483;0.0010155;0.039162;0.010482;0.060967;-0.0068003;0.017612;0.0060047;0.039456;0.002557;0.0023014;0.00022008;0.0051285;-0.048714;-0.034668;-0.0059376;-0.0043207;-0.00020723;-0.013929;0.011942;-0.0091912;0.00085889;-0.022387;0.015218;0.006476;0.019289;0.014187;-0.0055441;0.10911
Cop_ctr_D16_4_2;0.10879;-0.1042;0.27908;-0.018801;0.11977;0.033557;-0.012476;-0.063329;-0.047076;0.01702;0.030733;0.019391;-0.019623;-0.0064032;-0.033856;-0.019676;-0.084231;-0.22999;0.068222;0.10226;-0.094052;-0.28158;0.26428;0.078483;-0.043448;-0.14635;-0.14977;-0.086258;0.10987;-0.40245;0.041199;0.062895;0.17129;-0.059049;0.094501;0.15204;0.070338;-0.17143;0.046562;-0.12761;0.13262;0.14416;0.095729;-0.017079;0.01313;0.06704;0.030691;-0.067483;-0.064731;-0.0051352;0.016119;-0.052748;-0.020572;0.0043467;-0.11905;0.028273;0.10911
Cop_ctr_D16_4_3;0.061022;-0.15696;0.15771;0.074301;0.1785;-0.065099;0.029829;-0.039311;-0.048307;0.010738;-0.14116;0.03029;-0.063131;-0.18443;0.038019;0.013375;0.02522;0.049558;-0.13634;0.061141;0.098006;0.074884;-0.0061922;0.0084112;-0.1319;0.013543;-0.098751;0.042639;-0.070887;-0.022592;0.019057;0.1044;0.075667;-0.11729;0.070248;0.049114;0.07738;-0.17467;0.03592;-0.10392;-0.18248;-0.087877;0.042928;-0.074712;-0.0099447;0.15746;-0.02577;0.012367;-0.24781;0.064896;0.037122;-0.093721;0.023837;0.052233;0.024111;-0.025031;0.10911
Cop_pro_D21_1_1;-0.08217;-0.018268;-0.069357;0.081147;-0.0077506;-0.012356;0.013258;-0.056027;-0.0085481;-0.057633;-0.071359;0.045094;-0.025486;0.031058;-0.13497;0.0575;0.01523;0.030648;-0.17245;-0.080812;-0.00053563;-0.022315;0.05141;-0.010027;-0.014693;-0.01332;-0.054594;0.13426;-0.19496;0.028342;0.19175;0.1232;0.14477;0.096721;0.28787;0.14645;0.091441;0.094568;0.024156;-0.0011304;0.19879;-0.32791;0.032352;0.068061;0.020812;-0.081187;-0.032858;0.083166;-0.023335;-0.020645;0.031202;0.11245;-0.033798;0.11031;-0.16171;-0.17212;0.10911
Cop_pro_D21_1_2;-0.058667;-0.065587;-0.097462;0.11922;0.094706;-0.066816;0.10447;0.013868;-0.039899;-0.028401;-0.043325;-0.02333;0.00097826;-0.040554;0.058356;-0.085528;0.087437;-0.014992;0.26858;0.1393;-0.020353;-0.01115;0.017891;-0.14199;0.14856;-0.1581;0.12814;0.11168;-0.13456;0.052812;-0.049367;0.10454;-0.092029;-0.033574;-0.084277;-0.1014;0.14041;-0.11489;0.13965;0.094275;0.27193;0.037972;0.17656;-0.053747;-0.014232;-0.030604;-0.18039;0.10722;0.092107;-0.072202;0.0095976;0.02542;-0.25265;-0.081246;-0.34091;0.050332;0.10911
Cop_pro_D21_1_3;-0.073478;-0.038145;-0.085636;0.12321;0.07766;-0.023018;0.032785;0.010127;-0.12236;-0.038069;-0.062982;0.015816;-0.012624;-0.028528;-0.082586;-0.099591;0.11613;0.0049373;0.22286;0.038859;0.11441;0.015658;-0.0012467;0.042258;-0.035123;-0.034178;-0.026343;0.10383;-0.16029;0.10361;0.03928;0.21403;-0.063708;-0.11828;0.22713;0.029944;-0.081254;0.11153;0.035592;0.18494;0.21348;0.10882;-0.032136;-0.0083587;0.16286;-0.012465;0.068113;-0.068123;-0.1594;0.033634;-0.024174;-0.011581;0.30445;0.19215;0.17961;0.036044;0.10911
Cop_pro_D21_2_1;-0.10192;0.10043;0.013323;-0.015624;0.079537;-0.12983;-0.11037;0.016085;-0.16319;-0.033382;0.07634;0.024211;-0.00092981;0.16974;-0.035297;-0.090863;-0.077399;0.011008;0.16533;-0.27767;0.011143;0.0024365;0.019248;0.11423;-0.11817;0.049177;-0.031714;-0.083994;0.067023;-0.11274;-0.16059;-0.05132;0.067846;0.056032;0.10125;0.087639;-0.11998;-0.009833;-0.030283;0.0065904;0.053168;-0.12778;0.029674;-0.056512;-0.093648;0.0073199;-0.031234;-0.026241;0.036466;0.013917;-0.051784;-0.067812;-0.010999;-0.055979;0.1877;-0.072648;0.10911
Cop_pro_D21_2_2;-0.07752;-0.015027;-0.054997;0.069143;-0.040492;0.058555;-0.074474;-0.056021;-0.073115;-0.12342;-0.11933;0.054445;0.0062401;0.11603;-0.24761;0.078136;0.22218;0.070192;0.16035;0.00028685;-0.11963;-0.094162;-0.0038947;0.18813;0.052707;0.093517;-0.064291;0.023235;-0.072929;-0.16053;0.19391;0.031815;0.078766;0.17729;-0.27613;-0.18282;0.0046096;0.10248;0.047427;-0.022286;-0.1412;0.043389;-0.032743;-0.020745;-0.067997;0.064265;-0.072999;-0.11598;-0.032111;-0.042741;0.017778;-0.085511;-0.074421;-0.054691;0.050742;0.085915;0.10911
Cop_pro_D21_2_3;-0.097569;0.034827;-0.030893;0.015941;0.015703;-0.068421;-0.10557;-0.035767;-0.14035;-0.040523;-0.060308;0.043415;0.022754;0.27331;-0.051784;0.078303;-0.027759;-0.048233;0.16075;-0.11801;-0.16929;-0.11568;-0.19693;-0.019336;0.06959;-0.038221;0.021568;0.042957;-0.099779;0.1154;-0.10446;-0.079087;0.033723;0.027918;0.0022813;0.05193;0.0062904;0.0068412;-0.05361;-0.073376;-0.071668;0.11765;0.068127;0.11472;0.17368;-0.063475;-0.02732;-0.072267;-0.10781;-0.016328;0.03765;0.066191;0.00078767;-0.0062056;-0.15275;0.025878;0.10911
Cop_pro_D21_3_1;-0.080847;-0.02457;-0.087079;0.101;0.13742;-0.03745;0.042062;0.024124;-0.12072;0.054823;-0.047528;-0.014919;0.073624;0.077737;-0.11729;-0.026156;-0.084618;-0.054581;-0.0137;-0.22152;0.065219;0.079277;-0.013186;0.17256;-0.045298;0.0027933;-0.081955;-0.12609;0.15794;0.062738;-0.056816;-0.0059081;-0.0098421;0.013091;-0.061581;0.0035376;-0.16252;0.00067838;0.014728;-0.10264;0.018174;-0.0071775;-0.12423;0.081466;-0.10215;0.010353;0.018027;0.04969;-0.065147;0.0061052;0.14564;-0.04109;-0.11967;-0.097836;-0.19651;-0.033787;0.10911
Cop_pro_D21_3_2;-0.058031;-0.064568;-0.11179;0.13647;0.14932;-0.045008;0.055142;0.066922;-0.16001;-0.012592;0.051365;-0.010677;0.023082;0.11275;-0.016858;-0.070387;0.12049;-0.042435;0.12135;-0.13649;-0.042757;0.069951;0.076752;-0.046803;0.13059;0.024865;-0.074527;-0.076713;0.04385;0.10924;-0.14496;-0.16821;-0.055161;-0.09083;0.043838;0.087269;-0.096591;-0.28373;-0.030358;-0.086844;0.056231;-0.068306;0.12216;-0.042651;-0.08384;-0.048353;0.017086;-0.1558;0.069939;-0.11557;-0.021749;-0.014013;0.035335;0.067158;-0.010117;-0.17585;0.10911
Cop_pro_D21_3_3;-0.07225;-0.039477;-0.094225;0.10545;0.061128;0.013118;0.023935;-0.0077121;-0.11316;-0.072283;0.037444;0.0041469;0.038881;0.083451;-0.18912;0.012177;0.076863;0.01276;-0.024115;-0.017327;0.020812;-0.12881;-0.051302;0.085948;-0.11222;0.093348;0.057316;0.060065;-0.067767;0.06197;0.053638;0.047172;0.057189;-0.27022;0.09988;0.036989;0.08008;0.013525;-0.074858;-0.0042582;-0.28286;0.10779;-0.039401;-0.19371;-0.059208;0.01162;-0.050731;0.050259;0.15684;0.051831;-0.16952;0.041348;-0.12574;-0.13331;0.24388;0.19084;0.10911
Cop_pro_D21_4_1;-0.093617;0.0074421;-0.060809;0.058086;0.12476;-0.076534;0.062233;-0.016688;-0.051929;0.050155;-0.11368;0.016384;0.012723;0.053002;0.0057932;-0.045959;-0.093755;-0.085763;-0.13264;-0.11116;0.20825;0.0016177;-0.1064;-0.065824;0.068995;0.10293;-0.065894;0.0042268;-0.010517;-0.024401;0.030078;-0.054297;0.055838;0.090699;-0.0011184;0.014991;0.26238;0.11791;-0.0368;0.010932;0.050511;-0.18715;0.14093;0.070785;-0.057565;-0.015666;0.058556;-0.10371;-0.013134;-0.061174;0.078273;-0.04381;0.18904;0.074774;-0.075002;0.14882;0.10911
Cop_pro_D21_4_2;-0.089772;-0.0041736;-0.072419;0.068594;0.12122;-0.075008;0.081122;-0.023418;-0.0057455;0.032086;-0.10144;0.0034772;0.030262;0.025906;-0.0094308;-0.034474;-0.11335;-0.072877;-0.066064;-0.087937;0.13573;-0.029269;-0.042895;-0.098505;0.088674;-0.046191;0.053987;0.021565;-0.0032139;-0.016443;0.018441;0.066832;-0.020847;0.072389;0.034311;-0.0011332;-0.01147;0.099996;0.083792;-0.0073999;0.0066778;0.19507;-0.15581;-0.010393;0.078855;0.037364;0.037853;0.21722;0.13273;0.14804;-0.087997;-0.0051198;-0.22197;-0.11368;0.16864;-0.17394;0.10911
Cop_pro_D21_4_3;-0.069729;-0.044253;-0.099888;0.12603;0.15304;-0.025077;0.1187;0.033528;-0.0093341;0.012886;0.018636;-0.034713;0.03117;0.0010742;0.062412;-0.030422;0.073599;0.071945;0.1179;0.071219;-0.035434;-0.056971;0.062676;-0.12395;0.093743;0.088841;-0.1456;-0.052593;-0.044408;-0.28794;-0.21131;-0.075094;-0.11967;0.21622;-0.053304;-0.076553;0.18744;0.29469;0.072644;0.00027545;-0.13695;-0.11766;-0.02705;0.15892;0.13176;0.032124;0.073768;0.039182;-0.049022;0.10516;0.01557;0.04622;0.030079;-0.040163;0.086366;0.13906;0.10911
Cop_ctr_D21_1_1;-0.056864;-0.070972;-0.11497;0.11569;0.11757;-0.016205;0.025696;0.053827;0.11576;0.089764;0.11978;-0.05713;0.049624;0.05956;0.18446;0.08678;-0.17068;0.17691;0.068102;0.046511;-0.14748;-0.080069;-0.15364;-0.050509;-0.1334;0.24719;-0.0189;-0.00063828;0.0077769;-0.12267;0.080357;0.039476;0.079408;-0.07057;-0.0061099;0.032886;-0.15698;-0.0051783;-0.0086055;-0.016235;-0.021148;0.15756;-0.074535;-0.0041933;0.023822;-0.061333;0.014836;0.00099662;0.049187;0.0024544;-0.03484;0.13888;0.20113;0.23301;-0.19405;-0.051935;0.10911
Cop_ctr_D21_1_2;-0.084137;-0.029715;-0.082101;0.087071;0.090035;-0.055341;0.049731;0.0037546;0.039134;0.083;-0.040105;-0.070496;0.1215;-0.051377;-0.044284;0.0011983;-0.17778;0.020087;0.067147;-0.014658;0.033232;0.11565;-0.077369;-0.01659;-0.037405;-0.25607;0.17597;-0.09486;0.20569;0.015899;0.025772;-0.14481;-0.052642;0.00089008;-0.051396;-0.016061;-0.010732;-0.14407;-0.020287;-0.0049499;-0.10891;-0.10539;0.080202;-0.17574;-0.07381;-0.078453;-0.022888;-0.072437;0.025512;-0.010881;-0.0054229;-0.04943;0.23818;0.0682;0.13468;-0.097006;0.10911
Cop_ctr_D21_1_3;-0.054102;-0.07857;-0.10785;0.13357;0.095217;-0.014822;0.0032564;0.065319;0.093682;0.063162;0.10075;-0.052601;0.041444;0.060947;0.19555;0.11349;-0.1255;0.17343;0.068987;0.083138;-0.13522;-0.067117;0.038747;-0.0084694;-0.132;0.10832;0.066687;0.035219;0.00022953;0.083915;0.18384;-0.078637;0.023652;-0.036477;0.041721;0.068267;-0.0063992;0.021368;-0.12996;-0.068764;0.027466;0.0036817;0.21359;0.013659;0.013211;0.28511;0.079937;-0.038023;-0.23167;0.047047;0.0069616;-0.098861;-0.24971;-0.25502;0.025122;-0.041266;0.10911
Cop_ctr_D21_2_1;-0.099424;0.06043;-0.0056862;-0.043095;0.057289;-0.14946;-0.11886;-0.03664;0.037269;0.0061636;-0.035895;0.04296;-0.073343;0.039445;0.096431;-0.14633;-0.14798;0.11014;0.038948;0.041316;0.012657;0.14736;-0.11791;0.096423;0.16877;0.047029;0.056836;-0.045305;0.10492;-0.083789;0.017923;-0.068525;-0.049621;-0.021371;-0.045384;-0.036597;-0.017711;-0.039744;0.043621;0.07549;-0.13087;0.031835;-0.14631;-0.059521;-0.059353;0.17322;0.09544;0.16761;0.08447;0.09868;-0.010004;-0.015125;0.0099618;0.13032;-0.1962;0.071965;0.10911
Cop_ctr_D21_2_2;-0.098176;0.037584;-0.023189;-0.035404;-0.03362;-0.068753;-0.17893;-0.059946;0.084482;-0.076593;0.030223;0.063163;-0.093408;0.019057;0.042136;0.062812;0.0023026;0.20063;-0.18282;-0.006587;-0.07638;-0.051451;-0.033379;0.08761;0.076892;-0.067647;-0.20841;-0.044035;0.017813;0.01608;0.15616;0.020805;-0.034169;0.031362;0.044329;0.013461;0.048139;-0.022236;0.029013;-0.018279;0.039527;0.074782;0.13148;-0.10421;0.060076;0.0057354;-0.014731;0.033682;-0.11439;0.024204;-0.021838;0.0020591;0.076501;0.032822;0.081341;-0.079544;0.10911
Cop_ctr_D21_2_3;-0.099986;0.083803;0.019711;-0.041231;0.02346;-0.095171;-0.14594;-0.043961;0.1037;0.010008;-0.0094486;0.02836;-0.063657;0.03236;0.071868;-0.10343;-0.082467;0.096589;0.15814;0.12939;-0.082788;0.12451;-0.022623;0.034239;-0.0028249;-0.13671;0.22488;0.082382;-0.017887;-0.1604;-0.034502;0.09207;0.2044;-0.052308;0.0030423;0.035659;0.10055;-0.10051;-0.042347;0.15709;0.15288;-0.051588;-0.15901;-0.046038;-0.020949;-0.09728;0.23185;0.0098031;0.092197;0.039959;0.079297;0.05082;-0.014132;-0.12652;0.12762;0.04868;0.10911
Cop_ctr_D21_3_1;-0.078916;-0.041238;-0.092302;0.077749;0.0075807;-0.059369;-0.039037;-0.011164;0.071982;0.024576;-0.058323;0.0076111;0.027196;-0.032344;-0.071591;0.1517;-0.22778;-0.010977;-0.24355;-0.079175;-0.16295;0.052098;-0.092146;-0.037196;-0.0076537;-0.073967;0.16618;0.023237;0.047489;-0.13351;-0.074141;0.18986;-0.096088;-0.18333;-0.051135;-0.10203;-0.087465;-0.075603;0.055995;0.00025853;0.012749;-0.094719;-0.045039;0.1423;0.043434;0.093131;-0.0627;0.091503;-0.058647;-0.0029604;0.0057515;-0.013171;-0.0060864;0.071571;-0.012424;0.15303;0.10911
Cop_ctr_D21_3_2;-0.07522;-0.03301;-0.047084;0.087636;0.0045006;0.029174;-0.028324;-0.029498;0.20156;0.011852;-0.15862;0.035999;-0.026142;-0.090027;-0.21728;0.11483;0.037547;0.031712;-0.10097;0.16837;0.13955;-0.022847;0.12915;0.084144;0.030826;-0.02887;0.16461;0.04855;-0.056663;0.046175;-0.15744;-0.16102;0.18396;0.16202;-0.10923;0.01423;-0.12924;0.043735;-0.14847;-0.0084132;-0.059163;0.12495;-0.075318;-0.093451;-0.067983;0.0066105;0.059596;-0.0066391;-0.079023;-0.020504;0.097847;-0.1057;-0.0084662;0.027605;-0.09254;-0.19339;0.10911
Cop_ctr_D21_3_3;-0.061492;-0.052536;-0.047727;0.089652;-0.07377;0.078966;-0.088314;-0.01411;0.15786;-0.065299;-0.12788;0.067668;-0.074762;-0.066253;-0.17488;0.13519;0.17842;0.1863;-0.054294;0.19166;0.063005;-0.045999;-0.16725;-0.049161;-0.12915;0.18567;0.018318;-0.026512;0.0021991;-0.15187;-0.375;-0.082241;0.031233;-0.10844;0.090307;0.13317;-0.042464;-0.060571;0.072943;-0.0073369;0.13394;0.06776;0.15987;-0.025325;-0.11101;0.021765;-0.026604;0.011138;0.11207;0.0034019;0.0282;-0.091583;0.038064;-0.028351;0.062502;0.013462;0.10911
Cop_ctr_D21_4_1;-0.041065;-0.095136;-0.11506;0.14331;-0.018628;0.10575;-0.078513;0.062767;0.043201;-0.076182;0.28092;0.0003959;-0.054477;-0.029451;0.10435;0.041449;-0.034852;0.12673;-0.26371;-0.11171;-0.21095;0.03664;-0.051799;-0.057383;-0.039073;-0.16313;-0.16439;-0.0099299;-0.028835;-0.085721;0.031743;0.065195;0.083826;0.18338;0.0083741;-0.016058;-0.01132;-0.077081;0.11164;0.11977;0.088463;-0.0089387;-0.10372;-0.036936;0.020498;-0.074082;-0.060501;0.012615;0.070235;-0.018928;0.019671;-0.042853;-0.01674;-0.031871;0.066648;0.071545;0.10911
Cop_ctr_D21_4_2;-0.060248;-0.064243;-0.095682;0.13172;0.03303;0.096623;-0.052961;0.0007416;0.20995;-0.044719;0.02463;0.014545;-0.060433;-0.10578;0.012033;-0.01765;0.16837;-0.097311;0.14696;0.040233;-0.053386;-0.04816;0.097975;-0.084665;0.090597;-0.021655;-0.00021823;-0.015861;0.016869;-0.038657;0.13894;-0.038907;-0.20888;-0.07604;0.0004743;-0.094121;0.15305;-0.065346;0.0012511;0.055092;-0.17408;-0.18211;-0.20779;0.018986;-0.11451;-0.076901;-0.055817;-0.05251;-0.020027;-0.076921;0.036266;-0.07814;0.0418;0.042324;0.11475;-0.016807;0.10911
Cop_ctr_D21_4_3;-0.044615;-0.080053;-0.094067;0.1471;-0.0052571;0.13638;-0.087919;0.020039;0.21433;-0.094194;0.057088;0.066153;-0.14244;-0.1012;-0.063896;0.055826;0.25597;-0.14226;0.049779;-0.062405;0.010355;0.16936;0.12277;0.021826;0.089916;-0.092432;0.081931;-0.082412;0.21072;0.078301;-0.092312;0.012758;0.1408;0.09537;-0.035584;0.077502;-0.0017942;0.0030905;-0.089579;-0.088689;0.014633;0.13358;0.10202;0.049806;0.1489;0.040282;0.092279;0.076048;-0.05757;0.056934;-0.057827;0.22986;0.028131;0.030825;-0.053131;0.047354;0.10911
Cop_pro_D24_1_1;-0.06939;0.1041;0.042138;-0.062059;-0.071289;0.17637;0.24422;-0.12873;0.04566;-0.072728;-0.097402;0.083322;-0.098385;0.079379;0.066167;-0.059518;-0.1405;-0.030732;-0.070789;-0.20344;0.059434;-0.069926;0.0060564;-0.20697;0.07108;-0.026238;0.0014322;0.10429;-0.18055;-0.0070186;0.056802;-0.24839;0.10953;-0.094646;-0.085399;0.035362;0.167;-0.10104;-0.3108;0.010788;0.01052;0.22023;0.12341;0.11688;-0.013762;0.18295;0.037758;0.17322;0.10264;0.060052;-0.08129;0.095562;0.07665;0.064409;0.059632;0.12766;0.10911
Cop_pro_D24_1_2;-0.040856;0.11211;0.056682;-0.054484;-0.098049;0.20448;0.42019;-0.083277;0.064316;-0.079644;-0.12763;-0.037772;0.11237;-0.092327;-0.13736;0.19109;-0.10352;0.045661;0.10001;-0.045077;-0.11221;0.3909;0.018232;0.063886;0.11391;0.009094;-0.25595;-0.054124;-0.04539;-0.11491;0.13784;-0.23319;0.068146;-0.13874;0.12896;0.045822;-0.11166;-0.023657;0.080143;0.16082;0.043118;-0.0086561;-0.12443;-0.070475;0.023518;-0.086791;0.0062555;-0.10076;-0.069209;-0.058951;0.046935;0.0044607;-0.10915;-0.082012;-0.011996;0.047454;0.10911
Cop_pro_D24_1_3;-0.045287;0.1006;0.035296;-0.023868;-0.10973;0.23871;0.33721;-0.12298;0.065679;-0.11352;-0.063088;0.05393;-0.043654;0.014452;0.011004;-0.0005126;-0.14494;0.07668;0.22651;-0.13737;0.070588;-0.02897;0.067702;0.043965;-0.23382;0.13718;0.17993;-0.023863;0.20793;0.027604;-0.027192;0.47029;-0.054463;0.12127;-0.1161;-0.051774;0.0013039;-0.036537;0.062811;-0.1488;-0.0011471;-0.034718;0.12107;0.035704;0.038601;0.0017838;-0.14632;0.006957;0.0054325;-0.0022381;-0.068286;-0.034392;0.083434;0.031762;0.049751;-0.054495;0.10911
Cop_pro_D24_2_1;-0.077238;0.1752;0.054383;-0.10779;0.055213;-0.21267;0.0041957;0.054174;-0.042216;-0.079655;0.13424;-0.06149;0.067768;-0.074694;-0.16272;0.10819;0.073816;0.013153;0.029283;0.065967;0.025363;-0.093958;0.027165;-0.025392;-0.063853;0.013374;-0.19915;0.024308;-0.080964;0.1667;0.093034;0.12374;0.017057;-0.042361;-0.1078;-0.06746;-0.10003;-0.18152;0.0092568;-0.22558;0.10863;-0.054353;-0.12413;0.099363;-0.3143;0.10879;0.089918;0.19799;0.073274;-0.09202;0.15788;0.1714;-0.061439;0.072931;0.090898;0.27236;0.10911
Cop_pro_D24_2_2;-0.077392;0.18014;0.059752;-0.11092;0.052143;-0.22088;0.012879;0.051708;-0.038494;-0.069618;0.11543;-0.054952;0.078853;-0.1025;-0.165;0.065976;0.093982;0.023654;0.021092;0.12508;0.072234;-0.019082;0.0071121;-0.02961;0.037015;-0.083912;-0.1687;0.026341;-0.072783;0.077434;0.04533;0.076706;0.016652;0.077523;0.012595;-0.0020103;-0.13531;-0.13559;-0.18695;0.25452;-0.15865;-0.013724;0.044338;0.088554;0.25307;0.057468;-0.20513;0.11358;0.086604;0.16502;-0.23661;-0.18069;0.11356;-0.04782;-0.10151;-0.19306;0.10911
Cop_pro_D24_2_3;-0.078867;0.16897;0.065682;-0.10935;0.051084;-0.2138;-0.016387;0.062244;-0.010699;0.038133;0.096549;-0.097715;0.13117;-0.067333;-0.12088;0.080562;0.0075907;0.047107;-0.045201;-0.018356;0.014885;0.025497;0.23224;-0.0076902;-0.11379;0.16765;0.068919;-0.0029872;0.047709;0.057647;-0.032945;-0.14409;0.11452;-0.18761;-0.2534;-0.15423;0.26448;0.02302;0.25006;-0.012435;0.084866;0.056161;0.012576;0.06814;0.24173;-0.10509;0.17099;-0.14418;0.00054087;0.047817;-0.031765;0.060851;0.085421;0.010814;-0.084741;-0.037025;0.10911
Cop_pro_D24_3_1;-0.044891;-0.044879;-0.08059;0.047579;0.067224;0.10627;0.13096;-0.020814;-0.29339;-0.18479;-0.058607;0.12726;-0.21755;0.064407;0.29052;-0.27619;0.18757;0.01706;-0.25019;0.21029;-0.00172;0.064503;0.016529;0.043178;-0.18436;-0.09637;-0.02731;-0.032321;0.082111;0.10921;0.05063;-0.021715;0.072856;-0.052467;-0.1685;-0.086005;-0.18946;-0.0067981;-0.092329;-0.0031831;-0.0026353;0.018827;-0.096102;0.12505;0.047372;-0.099765;-0.0059398;-0.074683;0.062372;-0.025911;0.014067;-0.035105;0.014934;-0.036368;-0.031661;0.039245;0.10911
Cop_pro_D24_3_2;-0.0863;0.12379;0.042282;-0.076258;-0.006671;-0.061105;0.20062;-0.056792;-0.037833;0.0018247;-0.065414;-0.03069;0.068172;0.091095;0.1167;0.23949;0.061649;-0.1913;-0.082488;0.30653;-0.10144;-0.11393;-0.15829;0.038191;0.065534;-0.15708;0.011178;-0.0089187;-0.0061334;0.056648;-0.12842;0.090609;-0.045364;0.13852;0.044905;0.033203;-0.058583;-0.0023156;-0.10489;-0.12601;-0.098387;-0.054061;0.030384;-0.11084;-0.062084;-0.023437;0.28738;-0.16218;0.031496;-0.088048;-0.031397;0.20547;0.12565;0.11036;0.038964;0.060486;0.10911
Cop_pro_D24_3_3;-0.089138;0.12863;0.048663;-0.082686;0.0010535;-0.06342;0.17507;-0.064505;0.009352;-0.011282;-0.018649;-0.0052831;0.01422;0.12714;0.15892;0.16142;0.036885;-0.14059;-0.10305;0.19603;-0.13273;-0.040128;-0.052698;0.26873;0.022852;-0.089444;-0.041105;-0.12254;0.16238;-0.0025455;-0.21771;0.024839;-0.043167;-0.052454;-0.017461;-0.0028003;0.13123;0.0096625;-0.011689;0.14815;0.11058;-0.1111;-0.025069;0.080247;0.089483;-0.018397;-0.15233;0.13206;-0.015101;0.14378;-0.0050967;-0.15374;-0.099358;-0.096931;0.082142;-0.043518;0.10911
Cop_pro_D24_4_1;-0.090525;0.13932;0.046985;-0.094318;0.0041622;-0.011286;0.080963;-0.060928;0.043717;-0.15804;0.085167;0.085184;-0.15487;0.033112;0.053137;-0.157;0.12533;0.1012;-0.091546;-0.11124;-0.061105;-0.12479;0.14945;-0.12296;-0.12424;0.048914;0.11459;0.015245;-0.0096932;-0.02854;0.0094866;-0.11667;-0.028856;-0.061123;0.0337;-0.036274;-0.030608;0.0039797;-0.023278;0.014833;-0.075255;-0.31236;-0.02345;-0.024326;0.095012;-0.010495;0.23709;-0.12985;-0.11979;0.075084;0.05042;0.013441;-0.091751;-0.070001;-0.018281;-0.096648;0.10911
Cop_pro_D24_4_2;-0.090695;0.14119;0.054774;-0.08805;-0.012734;-0.032829;0.1396;-0.070713;0.043944;-0.12866;0.044296;0.060653;-0.11065;0.015484;0.087442;-0.10882;0.11003;0.03241;-0.082041;0.00024332;-0.050494;-0.13218;0.068751;-0.043501;0.012978;0.058269;0.096601;0.0036713;-0.012361;0.052774;0.0041655;-0.15292;-0.10094;-0.024128;0.1322;-0.0067703;0.0095725;0.062636;0.41589;-0.024613;-0.0368;0.17868;-0.0727;-0.18167;-0.27179;0.095105;-0.12656;0.099311;0.049271;-0.073247;0.053552;-0.11454;0.10104;0.10372;-0.17708;-0.1413;0.10911
Cop_pro_D24_4_3;-0.07981;0.17626;0.057151;-0.12002;0.06679;-0.20927;0.041576;0.043475;-0.055767;-0.084079;0.068442;-0.02843;0.038797;-0.094578;-0.044042;-0.079786;0.010238;0.041005;-0.065478;0.047306;0.090099;0.17091;-0.071762;-0.2578;-0.084718;-0.10712;0.12744;-0.0093253;0.058665;-0.21934;0.098935;0.044175;-0.17337;0.23143;0.16158;0.13491;-0.073875;0.25977;-0.11076;-0.13314;-0.034207;0.28596;0.044927;-0.075831;-0.029465;-0.10102;-0.11764;-0.11725;-0.17992;-0.13156;0.13328;0.014096;-0.13413;-0.060161;0.022162;0.049844;0.10911
Cop_ctr_D24_1_1;-0.090355;0.13595;0.047418;-0.02479;0.047766;0.083029;-0.20814;0.070575;0.072076;-0.028329;0.067205;0.05394;-0.13197;-0.041531;0.067117;0.034242;0.15427;-0.24812;0.034396;-0.12238;-0.14741;0.28308;0.050907;0.24101;0.10004;0.059631;0.039593;-0.037012;0.12823;0.057434;0.14854;0.059204;-0.10961;-0.079486;0.19141;0.093568;0.089926;0.12024;0.015986;-0.12728;-0.071105;0.076977;0.03598;0.092242;0.013358;0.10299;0.020615;0.088333;0.041457;0.041533;-0.057472;0.10178;0.032639;0.030618;-0.050899;0.038667;0.10911
Cop_ctr_D24_1_2;-0.091301;0.13088;0.066552;-0.066636;0.0050955;0.039043;-0.15342;0.013414;0.13708;-0.0059011;0.14373;0.010384;-0.067469;-0.11252;-0.042842;-0.014736;0.011554;-0.059645;0.066518;-0.04692;0.17645;-0.066557;0.073174;-0.11402;-0.2952;0.098329;-0.043179;-0.097996;0.13088;-0.049273;0.026702;-0.075059;-0.079089;0.05875;-0.060028;-0.014847;-0.0053214;-0.087863;-0.26982;0.22325;0.17432;0.010568;-0.075117;-0.020518;0.0059246;-0.069322;-0.070356;-0.0014604;0.025927;-0.075923;-0.047876;0.042634;-0.026225;0.02542;-0.054585;0.08469;0.10911
Cop_ctr_D24_1_3;-0.077938;0.091433;0.057811;-0.017889;-0.048535;0.097202;-0.1061;-0.0017068;0.17242;0.1786;-0.11743;0.015612;-0.047;-0.046865;0.13762;0.053756;0.14211;-0.41827;0.13494;-0.15478;0.031112;-0.1753;-0.45429;-0.22582;-0.14174;0.0071335;-0.12198;0.0025325;-0.037287;0.006207;0.12558;-0.021955;0.10593;-6.3402E-05;-0.063927;-0.076947;-0.12111;-0.024314;0.13193;0.032382;0.021611;-0.059678;-0.075599;-0.06068;0.036574;-0.02726;0.04536;-0.02517;-0.054767;0.058671;0.068897;-0.15466;-0.04454;-0.07431;-0.022117;-0.084234;0.10911
Cop_ctr_D24_2_1;-0.090601;0.14044;0.061429;-0.086524;0.0074631;-0.00074908;-0.085556;-0.0089757;0.094994;0.071222;0.038411;-0.024629;-0.044036;-0.21208;0.060221;-0.20537;-0.072727;0.033891;0.065889;0.042383;-0.016018;0.14142;-0.097378;0.17849;0.15412;-0.066039;0.12196;0.1461;-0.18794;-0.056608;0.051205;0.079011;0.24355;-0.094605;-0.13572;-0.081402;-0.065803;0.10926;-0.073121;-0.068161;-0.070592;-0.20244;0.25809;0.050529;-0.13102;0.034435;-0.13054;-0.16986;0.034098;-0.12862;-0.058692;-0.077815;-0.043472;0.038408;0.021013;0.011342;0.10911
Cop_ctr_D24_2_2;-0.042643;0.055249;0.055805;-0.019726;-0.08826;0.11574;0.031168;-0.0036846;0.065651;0.45503;-0.26337;-0.16781;0.30197;-0.045634;-0.13982;-0.4191;0.24678;0.16958;-0.10526;-0.026076;-0.30687;-0.11724;0.024132;0.074961;-0.16608;-0.10792;0.00015346;-0.041388;0.070379;0.019596;0.035924;-0.041462;-0.088601;0.018188;0.10209;0.025864;-0.0268;0.043532;-0.059848;0.00011061;0.046972;0.019111;0.0081435;0.090467;0.019761;0.044622;0.007513;0.086181;0.065044;0.015895;-0.040639;0.080899;0.017564;0.027848;-0.027364;0.052587;0.10911
Cop_ctr_D24_2_3;-0.077447;0.1095;0.093788;-0.067904;-0.035258;0.071453;-0.067392;-0.0068624;0.18145;0.091228;0.016575;0.049324;-0.12057;-0.093865;0.068491;-0.23442;-0.18071;0.11893;-0.047414;-0.1122;0.040746;-0.12532;0.022444;0.14868;0.25939;0.1035;-0.25249;0.019143;-0.20326;0.16283;-0.32298;0.13318;-0.079547;0.089533;-0.0039673;0.050498;-0.062941;-0.12627;0.11026;-0.12223;-0.061604;0.1264;-0.010651;-0.072067;0.13036;-0.1638;0.0067946;-0.10917;-0.078374;0.013825;0.034664;0.022674;-0.028447;-0.10546;0.077805;0.040971;0.10911
Cop_ctr_D24_3_1;-0.082569;0.049882;0.029713;0.059562;-0.036486;0.076241;-0.18387;0.092778;-0.067216;0.14461;-0.16442;0.033228;0.029335;0.24225;0.13981;0.21698;-0.0011817;-0.065503;-0.16747;-0.10009;-0.014614;0.21679;0.27791;0.0039107;-0.2077;0.0025749;-0.016445;0.11333;-0.21593;0.019426;-0.04401;0.028247;-0.10987;0.066394;-0.070606;-0.050974;0.064468;-0.0059539;0.012078;0.12478;0.06517;0.1229;0.076954;-0.12821;-0.09771;-0.076036;-0.052528;-0.063237;0.15456;-0.039128;-0.0062651;-0.10982;0.044363;-0.0030003;0.0092147;0.076703;0.10911
Cop_ctr_D24_3_2;-0.096427;0.061314;0.023331;0.002088;-0.038348;-0.0034138;-0.1516;-0.03328;0.04702;0.13005;-0.083152;0.017544;-0.017234;0.04943;0.12744;0.12095;-0.13583;0.0021001;0.030863;0.16354;0.13154;-0.10958;0.089804;-0.047312;-0.024729;-0.087226;-0.065569;-0.084164;0.12637;0.21556;-0.00541;-0.13301;-0.061392;-0.2277;0.10214;0.03638;0.14716;0.18733;0.054018;-0.012154;-0.076424;-0.0020386;0.017708;0.16554;-0.02552;0.0024684;-0.34484;-0.10709;-0.071343;-0.19644;-0.035191;0.086789;-0.081758;0.039893;0.14271;-0.02477;0.10911
Cop_ctr_D24_3_3;-0.079994;0.017361;0.0051929;0.059349;-0.075454;0.067338;-0.12356;-0.023554;-0.0029055;0.12978;-0.22664;0.053289;-0.040032;-0.016793;0.059084;0.15332;-0.092266;0.11207;0.042027;0.11523;0.17936;-0.0035184;0.28292;-0.20834;0.1271;0.017608;-0.10363;-0.022257;0.019491;-0.024304;0.10319;0.082617;-0.2439;-0.026075;0.0004998;-0.052988;-0.31259;-0.049346;-0.014454;-0.15925;-0.035171;-0.15411;-0.056084;0.10722;0.061784;-0.042685;0.13863;0.0054496;0.10829;0.051756;-0.058309;0.060869;-0.052584;-0.099319;-0.086572;0.0080817;0.10911
Cop_ctr_D24_4_1;-0.082744;0.10484;0.036028;0.038784;-0.015278;0.16698;-0.066513;0.045781;-0.24753;0.13141;0.021704;-0.092806;0.15189;0.034225;-0.0033133;0.028414;0.026542;-0.14916;-0.25737;0.016396;0.044991;-0.13092;0.12203;-0.045536;0.35547;0.22546;0.30767;0.050978;0.089204;-0.091683;0.16887;0.075288;0.13291;0.12154;-0.072592;0.019445;-0.047262;-0.16816;0.032331;0.065392;0.026723;0.026273;-0.045864;-0.09188;0.03386;-0.033524;-0.095987;-0.011787;-0.13143;-0.025355;0.0097935;-0.02912;0.035561;0.014723;0.09718;-0.056198;0.10911
Cop_ctr_D24_4_2;-0.050056;0.076807;0.012795;0.062867;-0.026461;0.38131;-0.092321;0.09369;-0.31607;-0.016375;0.23336;-0.093115;0.071472;-0.14743;0.003097;-0.080727;-0.065694;-0.0021602;0.031643;0.18953;0.067155;-0.014984;-0.12779;-0.069705;0.13082;0.13138;-0.021046;-0.021166;-0.012447;-0.14672;-0.08205;-0.025425;-0.075894;-0.24241;0.061173;0.012474;-0.026067;-0.00037506;-0.046114;0.047911;-0.0017864;0.021281;-0.019701;0.039341;0.013049;-0.0037021;0.019669;0.033206;-0.042664;-0.020625;0.025804;0.057174;-0.015749;-0.0082271;-0.0096201;-0.034187;0.10911
Cop_ctr_D24_4_3;-0.053175;0.078551;0.016768;0.055053;-0.067967;0.38199;-0.10781;0.062349;-0.21209;-0.021151;0.20601;-0.065061;0.070231;-0.14017;-0.11024;0.055065;-0.2018;0.049358;0.048257;0.052518;0.10656;-0.016616;-0.067754;0.091072;-0.21309;-0.32374;-0.045686;0.013101;-0.058084;0.17318;-0.080403;-0.085614;-0.0028655;0.20156;-0.033342;-0.041568;0.19043;0.11984;0.10068;-0.077918;-0.059454;-0.052921;0.0015528;-0.050671;-0.043357;0.092176;0.13721;0.069596;0.027202;0.095082;0.036784;-0.043689;-0.011382;0.052594;-0.14396;-0.053554;0.10911
Alg_D16_1;0.015096;-0.12913;-0.086752;-0.15336;-0.18343;-0.0020138;-0.15745;-0.068813;0.038114;-0.29204;-0.074446;-0.11664;0.25356;-0.0090185;0.096132;-0.033147;-0.017591;-0.038606;-0.065033;-0.077231;-0.012886;0.026334;0.013364;-0.072726;0.025431;-0.045526;-0.04625;-0.026591;-0.0065607;-0.069133;-0.14721;0.12097;0.043231;-0.005248;-0.014652;-0.035811;-0.0013906;0.061793;0.014253;0.078538;0.15142;0.04644;-0.11651;0.17074;-0.13834;0.14241;-0.037302;-0.23284;0.018959;-0.13975;-0.13296;0.049514;0.018783;-0.0068657;0.075104;-0.043748;0.10911
Alg_D16_2;0.02593;-0.13979;-0.11271;-0.17354;-0.086778;0.0087546;-0.13524;-0.071385;0.025114;-0.2972;-0.1632;-0.11036;0.25147;-0.017847;0.13413;-0.097073;-0.068496;-0.055188;0.058731;0.038773;0.082375;-0.066784;-0.020343;0.21166;-0.094333;0.10659;0.018506;0.035004;-0.044305;0.057874;0.13328;-0.12571;-0.16433;0.051171;-0.047412;-0.011612;0.022456;-0.15503;0.046454;0.063698;-0.024951;0.068261;0.0013928;-0.059057;0.12745;-0.013376;0.074392;-0.012969;-0.19147;-0.0036831;0.069832;0.061042;-0.024088;0.00039021;-0.0044083;0.023239;0.10911
Alg_D16_3;0.0091693;-0.11887;-0.087085;-0.16178;-0.15819;0.0007457;-0.15707;-0.073958;0.017626;-0.26319;-0.099585;-0.1286;0.27919;0.021282;0.12682;-0.065427;0.015158;-0.048878;0.027312;0.053902;0.041262;0.058347;0.045674;-0.082413;0.015851;0.091332;-0.025488;-0.033462;0.058918;0.013162;-0.010547;-0.00035879;0.11471;-0.039613;0.12556;0.068182;-0.06257;0.078418;-0.035164;-0.14046;-0.086677;-0.13195;0.19409;-0.10018;0.041675;-0.11266;0.020445;0.25805;0.14182;0.16356;0.099023;-0.12078;0.010498;0.017476;-0.11778;0.042212;0.10911
Alg_D21_1;0.028844;-0.16644;-0.16382;-0.16966;0.10651;0.011968;0.078245;0.020293;0.10007;0.01394;0.12358;-0.064579;0.070463;-0.081391;0.010978;-0.020385;0.0095919;-0.082688;-0.027647;-0.082029;-0.094431;-0.048907;0.14051;-0.12536;0.025081;-0.07399;-0.08371;-1.0359E-05;-0.067964;-0.081073;-0.042292;-0.035014;-0.010434;0.11017;-0.029925;0.0038492;0.056255;-0.1025;-0.024564;-0.10672;-0.20195;-0.093161;0.04174;0.0022766;-0.075469;0.041801;-0.17721;0.0064052;0.1157;0.011289;-0.11355;-0.020067;0.094966;0.04436;0.048651;-0.059043;0.10911
Alg_D21_2;0.031691;-0.16291;-0.16384;-0.19695;0.10388;0.018382;0.068556;0.011117;0.061048;0.032605;0.05783;-0.015003;0.012338;-0.074294;-0.10085;0.0016755;0.00055041;-0.084265;-0.13114;-0.12211;0.035435;-0.050213;-0.0061884;-0.01294;0.026877;-0.097484;0.031811;0.021567;-0.033622;0.083475;-0.10247;0.1607;-0.02838;-0.20473;-0.0099643;-0.046538;-0.036389;0.13192;-0.052464;0.083805;0.0094487;0.11781;-0.15755;0.071836;-0.077489;0.2488;0.14268;-0.26647;-0.067779;-0.003313;-0.12251;0.015858;-0.068091;-0.089001;-0.1741;-0.1748;0.10911
Alg_D21_3;0.03006;-0.16451;-0.16442;-0.18761;0.11103;0.016209;0.077019;0.018884;0.071074;0.052742;0.088743;-0.017887;0.0016369;-0.087072;-0.078243;0.0010829;0.011508;-0.066987;-0.089115;-0.1069;-0.0069199;-0.025391;0.014413;-0.0072756;0.02445;-0.13359;0.034116;0.0020089;0.002096;0.060017;-0.024246;0.006849;-0.10986;-0.097229;-0.10129;-0.044753;0.0084106;-0.059625;-0.030233;-0.0078089;0.027368;0.074402;0.11102;-0.14115;0.13899;-0.28924;-0.023006;0.15777;-0.14649;-0.053429;0.23214;-0.00080031;-0.05721;0.020449;0.13277;0.1941;0.10911
Alg_D24_1;0.050012;-0.12991;-0.11587;-0.34623;0.0054673;0.054453;-0.0075943;-0.013388;-0.13012;0.1984;0.0098081;0.074105;-0.16513;0.044646;-0.01455;0.10251;0.054263;0.14331;0.064939;0.019204;0.019178;-0.0045113;-0.026567;-0.00036518;0.13448;-0.020393;-0.15384;-0.080107;0.12488;-0.035635;0.17561;0.059702;-0.10866;-0.056456;-0.11417;-0.14061;0.0023638;0.18328;-0.017214;0.040244;0.21396;0.0384;0.23769;-0.26247;-0.06648;0.09852;0.18962;0.018032;0.0869;0.078933;-0.026032;-0.079183;0.077064;0.013479;0.1035;-0.12267;0.10911
Alg_D24_2;0.041658;-0.14954;-0.13745;-0.29986;0.046437;0.043096;0.019205;-0.0037612;-0.07656;0.1748;-0.00022836;0.091929;-0.18042;-0.0044641;-0.10044;0.05898;0.036427;0.093072;-0.041716;0.10272;0.097884;0.070345;-0.18492;0.10782;-0.095293;0.147;0.084176;0.010308;0.028444;0.040033;0.074228;-0.10525;0.073327;0.080983;0.029321;0.08137;0.037309;-0.13884;0.089864;-0.054078;-0.0076352;-0.064691;-0.026173;0.20023;0.10697;-0.12198;-0.16686;-0.004083;-0.043544;-0.077794;0.0043384;0.047931;-0.065258;-0.0069432;-0.071055;0.087563;0.10911
Alg_D24_3;0.057459;-0.1206;-0.095653;-0.40428;-0.019339;0.080416;-0.033405;-0.010937;-0.1243;0.20476;0.0489;0.047085;-0.11027;0.11578;0.026031;0.075542;0.0080591;-0.010989;0.19827;0.051396;-0.054171;0.083767;0.12319;-0.083582;-0.03436;0.049695;0.1252;0.075708;-0.10454;-0.029125;-0.13802;-0.01678;0.12902;0.14826;0.16208;0.12151;-0.0051396;-0.033448;0.017485;0.0066787;-0.095483;-0.046944;-0.23685;0.084617;-0.055863;0.016443;-0.046761;0.048497;0.011386;0.019378;-0.012518;0.015145;0.0071586;-0.00025714;0.0073823;0.030262;0.10911
Prob_D16_1;0.26638;0.13586;-0.08816;0.048846;0.0030628;-0.017681;-0.013524;-0.023398;0.0070307;0.030486;0.039661;0.30689;0.1667;-0.028081;0.024695;-0.0015112;-0.0016729;0.00028198;0.0081454;0.014552;0.0050192;0.01187;-0.013112;0.01973;0.0070333;0.032868;-0.027855;0.18761;0.1233;-0.023185;-0.04062;-0.054151;0.057955;0.067298;0.28353;-0.47417;0.02548;-0.13025;-0.050978;-0.015977;-0.0012706;0.11735;0.11675;0.1882;-0.089592;-0.091403;0.029186;-0.082853;0.051934;0.18767;0.1668;0.068321;-0.23317;0.23019;0.16375;-0.19685;0.10911
Prob_D16_2;0.23999;0.12472;-0.074041;0.061622;-0.016022;-0.013809;-0.02449;-0.046648;-0.00061469;-0.035717;-0.063905;-0.36585;-0.17497;0.038933;0.012672;-0.0093092;0.020505;0.0067635;0.0014396;0.0029019;-0.0006267;0.016522;-0.036083;0.015453;0.025221;0.022616;0.050898;-0.02783;-0.10676;0.0051836;-0.046036;-0.094279;-0.010178;-0.0418;-0.07175;-0.001708;0.091185;0.059942;-0.12556;-0.33316;0.28981;-0.12264;-0.21177;-0.14189;0.0026828;-0.076318;-0.036738;0.16191;-0.11129;-0.012314;-0.18942;0.026707;-0.09677;0.042294;0.16878;-0.21307;0.10911
Prob_D16_3;0.24764;0.12414;-0.075307;0.041288;-0.0039805;-0.0064143;-0.013903;-0.016759;0.0038059;-0.028017;-0.07052;-0.48479;-0.29225;0.068178;-0.0523;0.0076939;-0.022737;-0.0059793;-0.0038017;-0.010848;-0.0031244;-0.015783;0.023468;-0.01409;-0.014756;-0.014517;-0.021312;0.0022297;0.025508;0.0070484;0.050069;0.078449;-0.005104;0.014294;-0.043075;0.13471;-0.043917;-0.042965;0.099195;0.24335;-0.17946;0.064807;0.16209;0.18612;0.041029;0.14168;0.0067449;-0.070175;0.21953;-0.010687;0.47565;0.12693;0.029622;-0.035535;0.097948;-0.14493;0.10911
Prob_D21_1;0.26612;0.1362;-0.087279;0.05278;0.00027036;-0.015006;-0.017915;-0.030045;0.0072319;-0.0053842;-0.040474;-0.24768;-0.16434;0.060795;-0.032348;0.0058109;-0.027568;0.00037924;-0.016691;-0.023981;0.0048922;-0.019022;0.0089825;-0.0053236;-0.0083077;-0.018329;-0.093154;0.26452;0.20241;-0.024624;-0.035964;0.00088544;-0.0084395;0.022881;0.04849;-0.01603;-0.040203;0.0052174;0.072254;0.12734;-0.13955;0.0696;0.10554;0.093734;-0.18093;-0.26197;0.20488;0.051476;-0.20081;-0.07208;-0.4416;-0.23515;-0.085747;0.11114;-0.1469;0.21415;0.10911
Prob_D21_2;0.2706;0.13887;-0.091062;0.056437;0.0004596;-0.018689;-0.021291;-0.036313;0.0082197;0.01496;0.00072764;0.051644;0.015147;0.010511;0.0039004;0.00085155;-0.013529;0.0059066;-0.00913;0.006233;0.017677;0.0085976;-0.018689;0.026249;0.01727;0.0024014;-0.043538;0.2448;0.1331;-0.0054175;-0.045224;-0.060263;0.020974;0.020778;0.16269;-0.26348;0.022075;-0.023473;-0.074939;-0.11748;0.072225;-0.035634;-0.11957;-0.15519;0.086075;0.18013;-0.15898;0.050483;-0.040204;-0.14156;0.069257;0.079485;0.43988;-0.5106;-0.13594;0.10039;0.10911
Prob_D21_3;0.25722;0.13212;-0.083229;0.044734;0.0018724;-0.0172;-0.0028993;-0.021898;0.0023188;0.023361;0.055128;0.36236;0.22187;-0.058855;0.034986;-0.0097853;0.029802;-0.0058694;0.017107;-0.0094479;-0.021088;-0.018613;0.00036489;-0.007624;0.0089613;-0.011558;-0.090715;0.38863;0.16026;0.0079951;-0.013378;-0.004346;-0.087339;-0.066553;-0.32808;0.52814;-0.02234;0.11923;0.068523;0.042414;-0.0015134;-0.099616;-0.055303;-0.047467;0.086606;0.061836;0.042482;0.053281;0.095423;-0.1405;0.053025;-0.022335;-0.05571;0.060633;0.072901;-0.074248;0.10911
Prob_D24_1;0.26967;0.13976;-0.089995;0.053934;-0.001207;-0.014464;-0.01783;-0.035765;0.0088712;0.02324;0.0066517;0.13456;0.064691;-0.011941;0.016714;-0.0036304;0.0051324;-0.0016304;-0.0079223;0.016482;0.01189;-0.013963;0.012798;-0.0071168;0.021104;-0.019536;0.061417;-0.28133;-0.17531;0.024636;0.058164;0.033456;-0.029781;-0.042531;-0.16079;0.17982;-0.018822;0.04488;0.0045376;0.10196;0.032669;-0.0086606;0.033916;0.030732;-0.36845;-0.17087;-0.16581;-0.097864;-0.20526;0.54996;-0.01721;0.20721;0.13733;-0.12995;-0.092013;0.070796;0.10911
Prob_D24_2;0.27417;0.14225;-0.092939;0.055768;0.0017281;-0.017012;-0.021206;-0.035585;0.011764;0.01718;-0.013068;0.0037107;-0.025301;0.023338;-0.0033736;4.6674E-05;-0.0061089;0.0025706;-0.018748;-0.001596;0.016132;0.012335;0.0033775;-0.0094227;-0.0061788;0.0012115;0.032444;-0.22248;-0.088817;-0.00058694;-0.011128;0.0027757;0.0157;-0.0041557;0.039656;-0.029243;-0.026358;0.025873;-0.064304;-0.10465;0.021628;-0.053798;-0.13357;-0.305;0.33815;0.21151;-0.16235;-0.29209;0.20186;0.07202;0.00059584;-0.10096;-0.19605;0.34497;-0.12344;0.26572;0.10911
Prob_D24_3;0.27002;0.13896;-0.090879;0.05065;0.0029595;-0.017393;-0.01518;-0.028777;0.0082343;0.028247;0.025593;0.22214;0.10906;-0.01001;0.01528;-0.0023812;-0.0019813;0.0018931;-0.0045952;0.0084578;0.012454;0.012185;-0.0028752;-0.0011474;-0.019109;0.0024869;0.12721;-0.52731;-0.27885;0.0048053;0.052262;0.073753;0.045231;0.016316;0.05004;-0.024971;0.023264;-0.039092;0.074711;0.067642;-0.099728;0.041851;0.093774;0.14539;0.065628;-0.0080904;0.24395;0.23587;-0.0011587;-0.44908;-0.081841;-0.14725;0.048058;-0.10489;0.037408;-0.070419;0.10911